<?xml version="1.0" encoding="UTF-8" standalone="yes"?>
<addon id="plugin.video.vnmedia" name="VN Media" version="5.7.7" provider-name="mkendo">
<requires>
  <import addon="xbmc.python" version="3.0.1"/>
  <import addon="script.module.codequick" version="1.1.8"/>
  <import addon="script.module.beautifulsoup4" version="1.12.0"/>
  <import addon="script.module.cloudscraperkd" version="1.2.68"/>
  <import addon="script.module.resolveurl" version="5.1.110"/>
  <import addon="script.module.pycryptodome" version="3.4.3"/>
  <import addon="inputstream.adaptive" version="20.0.0"/>
  
</requires>
<extension point="xbmc.python.pluginsource" library="mkendo.py">
  <provides>video</provides>
</extension>
<extension point="xbmc.service" library="service.py"/>
<extension point="xbmc.addon.metadata">
  <reuselanguageinvoker>false</reuselanguageinvoker>
  <summary lang="vi_VN">VN Media Omega</summary>
  <description lang="vi_VN">Dữ liệu được máy tính thu thập tự động từ Internet</description>
  <disclaimer lang="vi_VN">Dữ liệu được máy tính thu thập tự động từ Internet</disclaimer>
  <platform>all</platform>
  <language>vi</language>
  <license>GPL-2.0-or-later</license>
  <assets>
    <icon>resources/icon.png</icon>
    <fanart>resources/fanart.png</fanart>
  </assets>
  <news>Dữ liệu được máy tính thu thập tự động từ Internet</news>
</extension>
</addon>