<?xml version="1.0" encoding="UTF-8" standalone="yes" ?>
<addon id="plugin.video.daxem" name="Đã Xem" version="0.0.9" provider-name="daxem">
    <requires>
        <import addon="xbmc.python" version="3.0.1"/>
    </requires>
    <extension point="xbmc.python.pluginsource" library="addon.py">
        <provides></provides>
    </extension>
	<extension point="xbmc.service" library="service.py"/>
    <extension point="xbmc.addon.metadata">
        <description lang="vi">daxem</description>
        <disclaimer lang="vi">daxem</disclaimer>
        <summary lang="vi">daxem</summary>
		<language>vi</language>
        <platform>all</platform>
        <license>GPL-2.0-or-later</license>
        <assets>
            <icon>icon.png</icon>
			<fanart>icon.png</fanart>
        </assets>
    </extension>
</addon>